date,actual_demand,forecast_q10,forecast_q50,forecast_q90,promotion
2025-06-04,76.25,64.84806812762818,68.73259989096977,79.24746274500959,0
2025-06-05,70.98,64.20062878624705,68.94149640498132,75.30314708633772,0
2025-06-06,56.94,56.92458291518227,61.6273664022042,68.74996849273096,0
2025-06-07,63.77,59.5443067883124,62.32164974739392,66.38981625957983,0
2025-06-08,73.44,63.44003046294526,67.84223090565297,72.68674941214198,0
2025-06-09,72.57,68.42667517663413,75.00497342128746,82.7856241880024,0
2025-06-10,83.44,70.7242101273108,73.88274745543535,82.00726418103183,0
2025-06-11,68.96,62.924723235327576,72.45579455378139,78.49246281891755,0
2025-06-12,78.89,65.28871764080996,75.87464806810353,81.63177534600324,1
2025-06-13,61.89,55.459857574834864,60.41860024608361,66.66773000403636,0
2025-06-14,66.84,60.11208011790309,62.634939711673084,67.40901187679268,0
2025-06-15,68.14,63.38596288934014,67.8788634544469,74.88789114150217,0
2025-06-16,75.31,67.06695743062355,73.47230126606962,78.71292234369407,0
2025-06-17,76.69,71.43892768457836,75.1231416269933,82.54895763309591,0
2025-06-18,70.26,65.63797013610207,73.80024417049047,75.77743461211931,0
2025-06-19,70.13,62.01283643424418,66.14340593263154,71.21518577077417,0
2025-06-20,64.95,55.07735335723258,60.6971285022577,63.79814413419257,0
2025-06-21,76.38,66.77788802859159,71.5023934396331,79.50245022247988,1
2025-06-22,68.13,64.45604537717813,67.35260154431522,71.30244294044832,0
2025-06-23,79.58,68.09267572323972,74.46924639828552,76.91961228973771,0
2025-06-24,75.61,65.08710871421323,74.16844499084783,78.24006176992542,0
2025-06-25,71.32,64.17784525861691,70.75875743277723,71.82948985223237,0
2025-06-26,67.14,63.17764493030316,68.65289845294497,75.90128546047156,0
2025-06-27,71.16,58.08731380196774,60.81701357834141,67.68210728782286,0
2025-06-28,57.17,59.77866718940801,63.733433227346524,70.93749672092363,0
2025-06-29,73.04,63.54855076050337,65.79843621569754,70.51917327498629,0
2025-06-30,65.04,70.05280441090537,72.23987986100992,78.78073536617414,0
2025-07-01,76.78,67.56727059467697,73.64228264436503,77.86577033518246,0
2025-07-02,79.63,62.8664999779272,71.47573214496425,75.584347326028,0
2025-07-03,67.97,62.655294279647315,65.55907988397774,72.27351501477169,0
2025-07-04,62.43,57.48890402156288,62.314252980449446,70.12520682594815,0
2025-07-05,71.13,61.45744254053451,68.98573916121038,82.05946259871045,1
2025-07-06,68.24,59.944560912471175,65.66462655690164,73.86866595476089,0
2025-07-07,72.14,64.43939041626281,70.96666367523177,77.01355664436991,0
2025-07-08,70.67,67.67386081658199,74.08253871980101,77.11248254085432,0
2025-07-09,80.77,67.09266174103696,78.5740220775269,89.4340986449766,1
2025-07-10,65.42,62.41199121062543,66.52436386372808,72.3903297201149,0
2025-07-11,56.65,59.23454645917907,62.40076067015118,67.14006605823664,0
2025-07-12,57.65,56.81214777080847,62.09391648474785,66.76236740209791,0
2025-07-13,60.2,63.101406242289414,65.48226653588331,69.70233457466864,0
2025-07-14,74.27,63.71017009818253,69.36286739828832,75.16686285558464,0
2025-07-15,76.24,65.31998503546056,73.4271658994344,77.9762536486977,0
2025-07-16,70.74,63.62811477866958,67.84687823467446,75.53391518540232,0
2025-07-17,68.18,58.70409576859062,62.57459050386676,69.8345015416019,0
2025-07-18,59.85,53.44735872692909,60.127998446340406,65.30802570618431,0
2025-07-19,62.57,54.78619657591102,61.24846286427064,68.79497274753113,0
2025-07-20,67.46,55.95182193022141,63.59515998221809,67.49769704590193,0
2025-07-21,70.8,64.25831387180523,74.19756368357295,77.72197892331363,0
2025-07-22,69.81,62.01996013262024,72.04171056364864,77.25260526434849,0
2025-07-23,79.6,57.60325720034718,67.56775278373901,77.00581479923692,0
2025-07-24,60.05,58.645320186496285,64.77263990451328,70.13961393860491,0
2025-07-25,55.05,48.16957905948703,59.584389579740254,64.47758392256462,0
2025-07-26,61.76,52.98667374649897,56.77980465032404,62.11319598096658,0
2025-07-27,66.18,55.47509636193201,63.467245445745995,68.47608591223569,0
2025-07-28,63.23,60.71044364865646,68.40171287772839,74.16223026382217,0
2025-07-29,77.08,60.675554258046006,69.15630324016566,74.48013758441114,0
2025-07-30,67.07,60.70520295521349,67.9286934532956,74.889891271742,0
2025-07-31,55.77,53.86518505310163,62.24647940821269,66.42785589339687,0
2025-08-01,63.35,52.186657610970975,58.495974194085996,62.06863678383535,0
2025-08-02,61.75,50.300190758256704,61.688181595341916,67.23722549968004,0
2025-08-03,57.64,57.4578260295618,63.42854287578835,68.12278559176028,0
2025-08-04,78.19,60.571508140547216,66.39586782225007,71.6775127589012,0
2025-08-05,73.82,61.00688752855898,70.9320557906468,72.15967451272591,0
2025-08-06,66.56,57.46265594355643,65.98038453669014,76.07877585578854,0
2025-08-07,68.36,52.07946191461482,61.39519430963594,65.22446784843241,0
2025-08-08,57.3,51.76689916343464,57.84383733583544,64.14278139067218,0
2025-08-09,57.59,50.19164640011932,57.816088365267404,62.77708004414113,0
2025-08-10,59.78,55.2217124998601,62.711229501636936,65.65048501269075,0
2025-08-11,71.34,59.79976620150997,68.84901439060323,71.72759513715766,0
2025-08-12,72.05,61.46969355993338,69.56713808626314,73.2505397121091,0
2025-08-13,65.84,57.89624807021004,64.56412300073272,70.13845913313911,0
2025-08-14,55.63,54.12066487492102,61.83901775937353,65.456338818688,0
2025-08-15,56.33,50.35276821074776,58.12009314173721,61.48563873224946,0
2025-08-16,56.57,50.585986091260466,57.775698167463474,61.349478129582586,0
2025-08-17,55.62,50.32911472077841,61.20215596094674,64.43666312002493,0
2025-08-18,60.3,60.94782396830265,66.08425321997812,74.2196562004334,0
2025-08-19,71.73,58.975252488215304,64.66021720299938,71.01157146228965,0
2025-08-20,52.01,55.13569645133691,63.13065959812525,70.69226609517783,0
2025-08-21,59.87,50.554938253185256,56.814558108045404,61.19846023069088,0
2025-08-22,52.57,46.65399373829998,56.06507462189261,62.84817275206199,0
2025-08-23,62.76,49.57736136353163,55.59276056362585,59.188168635517414,0
2025-08-24,59.13,49.74701299338516,60.41273016299419,65.83948514759305,0
2025-08-25,70.28,52.79421010960549,63.779273652714046,68.19882874403154,0
2025-08-26,66.26,59.37900735858103,68.23575846322653,75.77929304183536,0
2025-08-27,64.94,52.520994360789814,62.43799705786066,67.64790124917286,0
2025-08-28,61.9,47.80532627825756,55.06306600442773,63.382966908636305,0
2025-08-29,63.34,56.002189462557816,67.81203707775482,75.81185506353017,1
2025-08-30,60.61,53.93281500862325,58.35133782015172,63.80718524592168,0
2025-08-31,56.05,50.24658815960453,61.018230730385476,64.42575268567333,0
2025-09-01,67.9,59.19456891675771,68.39735961504994,73.31063063872948,0
2025-09-02,72.32,60.02342359147675,66.74634500109568,73.45931228499325,0
2025-09-03,67.15,55.94310156454173,62.594605428722666,66.88169409569443,0
2025-09-04,67.29,52.96476474580549,61.226688062020344,64.61540466565891,0
2025-09-05,50.04,52.72479690472978,55.64267906807461,63.59386441657288,0
2025-09-06,48.26,50.18002765280568,53.74516549520496,60.75114011066257,0
2025-09-07,55.6,51.45586753344631,57.77474208652092,61.98987311883026,0
2025-09-08,69.29,57.83689081994109,66.21197756585987,70.59602980329252,0
2025-09-09,69.78,59.94840366606663,67.11371373453572,71.55366205916981,0
2025-09-10,63.97,54.18794797656179,61.98169368988856,66.77179798846939,0
2025-09-11,51.72,51.02563783763934,54.94478149656155,64.62267179181514,0
2025-09-12,57.34,49.576322640271606,53.18081784432526,59.13672211929425,0
2025-09-13,48.69,50.69953213269012,52.78807846655659,60.90575275790108,0
2025-09-14,79.78,59.06250139698981,66.14645859577664,70.12463030103828,1
2025-09-15,79.98,58.90903716983149,67.25905981362733,71.48287076332889,0
2025-09-16,68.84,60.492073805340056,69.90583455195726,75.61760190739776,0
2025-09-17,66.11,55.166999093685675,61.947746863985316,64.52869908225395,0
2025-09-18,54.63,53.831125352937875,59.088053358783434,66.83515277220687,0
2025-09-19,44.23,49.74430928363895,53.25318192349203,59.729760060438124,0
2025-09-20,51.6,50.5007216871731,54.42483478351604,56.48043818081728,0
2025-09-21,54.61,55.88177091336704,58.926545062490746,66.88677025139803,0
2025-09-22,58.29,60.24956195455655,60.8487079191136,71.37783214046351,0
2025-09-23,75.48,56.482196580847436,63.43861618653883,69.09211709424636,0
2025-09-24,76.85,59.652215040937094,70.50464155226787,80.20768768047867,1
2025-09-25,58.89,49.12886540511121,57.099298312144604,64.58653335018136,0
2025-09-26,51.66,49.48348359812906,53.02270596641541,62.06365446851718,0
2025-09-27,65.43,56.17940799793896,62.619101614718296,71.05028178269166,1
2025-09-28,64.86,56.222683779875815,59.05135956049538,70.87070769076507,0
2025-09-29,65.35,54.882408761540574,63.3173849250922,72.35609848569297,0
2025-09-30,69.53,62.721616471024035,68.10267829589569,71.50996293006737,0
2025-10-01,62.12,56.922921279998484,63.66363680840762,69.4469120238996,0
2025-10-02,55.33,49.26359647347477,57.6948555434488,62.49894655785024,0
2025-10-03,46.23,49.487935329654576,51.9107854732417,56.78401162134169,0
2025-10-04,44.75,49.24455834879136,52.00457531932731,57.89892754527132,0
2025-10-05,58.83,51.661505298809374,57.613278692174376,64.15733289892134,0
2025-10-06,65.92,54.473545276229295,62.1827421369614,66.34980352357891,0
2025-10-07,60.59,58.256110086895475,62.50513718473123,72.26509184284102,0
2025-10-08,63.09,56.92200376391088,62.235801234498936,67.81077730258689,0
2025-10-09,57.5,50.58213217066557,55.95380627755065,62.40503719858791,0
2025-10-10,42.7,51.57769375937564,51.850621131210055,60.80592135628485,0
2025-10-11,50.3,51.510142658336775,51.510142658336775,55.14321238445507,0
2025-10-12,62.43,54.95680072059825,58.51320448121591,66.29104910406011,0
2025-10-13,67.85,58.76799738276525,62.561405779609,70.21514439927435,0
2025-10-14,61.54,55.82191624377664,64.2629967377124,68.67713538924303,0
2025-10-15,76.61,60.651796871342576,70.47785151105089,79.91735858592862,1
2025-10-16,62.67,52.122662689638126,57.326466234747414,62.93759811334013,0
2025-10-17,57.72,49.40727121086545,51.65424787483524,58.55115609145404,0
2025-10-18,54.77,50.132971677760395,52.87907459173061,62.23985086770779,0
2025-10-19,58.44,56.0517833096148,61.94844051491328,65.22865802996766,0
2025-10-20,63.18,61.372800179317345,64.9213006446566,67.97341242075682,0
2025-10-21,70.08,57.114499557916744,66.99461193462962,69.52230678788062,0
2025-10-22,65.01,57.788706830178576,65.15339795912033,70.93971045576983,0
2025-10-23,61.18,52.369499530387785,55.20579728052879,63.157570163960585,0
2025-10-24,54.98,48.590518179959595,52.273227003975016,60.53789908743562,0
2025-10-25,59.85,51.61856934466341,53.29500983348731,60.150379868189226,0
2025-10-26,61.79,53.4809618653927,60.228352171574514,64.57146546458259,0
2025-10-27,70.8,59.81976159887874,64.6651248988157,66.94751658461769,0
2025-10-28,72.67,60.47838051960349,67.88011587670572,69.77228462210904,0
2025-10-29,60.6,60.425094416152454,62.87468333319673,69.79990590222377,0
2025-10-30,49.6,53.512724376211054,58.601948078115896,62.93437627047689,0
2025-10-31,62.67,50.64914702413063,54.01793483099249,56.31371161062674,0
2025-11-01,57.69,47.917031907481196,54.84242098405097,59.004465496151084,0
2025-11-02,53.41,52.70370906862666,60.788787347418825,63.991821015623835,0
2025-11-03,63.99,57.29330715008829,65.84672185166534,70.05405176150002,0
2025-11-04,72.87,58.61314121790423,62.57997757111252,69.77585037648171,0
2025-11-05,63.94,55.3846413604139,61.91933785318162,65.72175684793544,0
2025-11-06,68.05,58.7183158804347,66.66321355598717,71.58914749452899,1
2025-11-07,62.71,50.21842727729714,54.071410566368264,58.871257937848796,0
2025-11-08,51.94,50.045081587085825,54.725347998367,59.460563982224045,0
2025-11-09,58.78,53.02917511908519,61.56945839897785,62.03317801980809,0
2025-11-10,81.73,64.58169117247547,72.96735492048867,84.8049887165047,1
2025-11-11,71.79,60.50919192410495,70.32254714908994,71.35132457925927,0
2025-11-12,68.66,57.53483349340194,65.2321849362067,68.68845525517517,0
2025-11-13,64.79,54.176319482217544,61.48634180501291,63.75349265246217,0
2025-11-14,57.57,53.37257040602611,58.47425867898913,64.18277643212348,0
2025-11-15,60.51,52.61912938146749,58.51663108986293,65.6614720106581,0
2025-11-16,62.37,51.97089764730611,62.608529055778305,64.1319282459378,0
2025-11-17,69.59,63.83083076288881,68.64793721630924,71.55618578833011,0
2025-11-18,71.31,62.01465943841218,69.2529811296102,73.35790439209657,0
2025-11-19,68.2,57.550648690449805,64.9372915833339,66.47119235155435,0
2025-11-20,65.06,56.80939455121206,60.73768419342215,66.48156018269383,0
2025-11-21,60.33,51.73130031895597,58.210607776905995,64.58628466590268,0
2025-11-22,59.27,49.44250617214476,58.83640209985929,63.440640963481755,0
2025-11-23,60.63,56.24599249874867,62.242963787828245,64.86005698030041,0
2025-11-24,70.63,61.98383564651241,67.32396515540553,74.46294762771949,0
2025-11-25,71.66,62.28997672749084,69.91394383874642,73.40001783193256,0
2025-11-26,69.13,58.72202822869884,63.693758335746956,67.6086546921312,0
2025-11-27,73.28,54.01730011046259,58.22297935194253,61.538619973453656,0
2025-11-28,56.0,51.2214778427893,59.30601804603215,64.18494219438249,0
2025-11-29,62.24,50.89024832563377,57.675306140521045,63.61821046036955,0
2025-11-30,71.11,52.68984447150549,61.9742211844441,65.79802224624733,0
2025-12-01,71.89,61.86034440993555,70.51466157105776,70.51466157105776,0
2025-12-02,84.61,63.38959279956153,72.16444121332275,73.74821894214811,0
2025-12-03,67.41,59.49876780794602,68.95949853497547,70.84920196227934,0
2025-12-04,77.49,62.601980217103524,74.06057286207503,85.23899869141178,1
2025-12-05,55.78,54.14549191583631,61.77813731497954,67.33916095755033,0
2025-12-06,59.53,52.22920953583823,59.385413674933254,65.60753078089898,0
2025-12-07,68.18,55.66987895753867,64.82365455644947,75.23712802210406,0
2025-12-08,76.81,61.787059419866964,73.10524670511128,78.11961199903399,0
2025-12-09,75.7,65.4665359756975,73.70072255651624,76.97489778221717,0
2025-12-10,76.79,60.17368085128466,68.79331896061913,73.36394474938793,0
2025-12-11,64.12,58.737100299722755,64.87737090365691,73.25486952240864,0
2025-12-12,59.32,50.97231781824453,59.63338944724203,67.86845131943168,0
2025-12-13,76.03,51.49824099797529,62.51823314096441,71.47606312777116,0
2025-12-14,70.13,60.14026202158959,65.2504085841582,72.57290092710194,0
2025-12-15,70.22,62.83796505549021,72.76086665312444,76.44745676976324,0
2025-12-16,71.88,63.014085296562165,71.72969106744951,76.9345282773395,0
2025-12-17,67.03,59.5837448851666,67.83553117180887,73.79430416510013,0
2025-12-18,70.53,57.127454892143284,63.89586152366608,72.71272204070232,0
2025-12-19,60.42,50.21596921305198,58.95501458031253,67.04376769314239,0
2025-12-20,64.42,55.44036162307545,63.168077353390395,74.21002577157027,0
2025-12-21,69.12,60.7734523215998,67.18233656036116,73.30207011817268,0
2025-12-22,78.75,64.26143386657783,72.62590749900895,77.49027057096721,0
2025-12-23,72.4,64.46853021863248,73.62178159001253,76.83297268770092,0
2025-12-24,67.65,62.507855813163495,68.4616120631073,76.07654493097218,0
2025-12-25,68.26,58.44584802808084,66.87893728797388,72.04306119224124,0
2025-12-26,66.54,51.84316922469779,58.139959656753874,67.34409998430534,0
2025-12-27,66.74,60.109265962355174,63.64736912090384,72.44621039110828,0
2025-12-28,66.69,60.36324441354021,67.25873757121151,72.7453894938753,0
2025-12-29,79.78,64.97871967443935,72.46588985932694,76.57697763562885,0
2025-12-30,74.21,63.56362650150523,74.16776078113759,77.71812257164194,0
2025-12-31,71.73,61.748978525166486,68.37565786623183,72.32867456331633,0
2026-01-01,63.73,65.57871514419175,72.49803063281861,74.32253269638382,0
2026-01-02,71.35,59.783884094463424,61.6364581919814,68.54784070828946,0
2026-01-03,69.55,62.993398575238814,64.6144105334987,69.90369512619672,0
2026-01-04,75.07,64.35407583940501,69.96026376956657,72.99741861733027,0
